{
  "ExtendedData": {
    "inputs": [
      "http://mlgmty00is04/PrxMxServices/PrxMxServices.asmx?WSDL"
    ],
    "collectionTypes": [
      "System.Array",
      "System.Collections.Generic.Dictionary`2"
    ],
    "namespaceMappings": [
      "*, ServiceAD"
    ],
    "references": [
      "Ardalis.Specification, {Ardalis.Specification, 7.0.0}",
      "C:\\Apps\\coaching\\webapi\\src\\Linde.Infrastructure.Coaching\\bin\\Debug\\net6.0\\Linde.Core.Coaching.dll",
      "C:\\Apps\\coaching\\webapi\\src\\Linde.Infrastructure.Coaching\\bin\\Debug\\net6.0\\Linde.Domain.Coaching.dll",
      "ErrorOr, {ErrorOr, 1.3.0}",
      "FluentValidation, {FluentValidation, 11.7.1}",
      "FluentValidation.DependencyInjectionExtensions, {FluentValidation.DependencyInjectionExtensions, 11.7.1}",
      "Mapster, {Mapster, 7.4.0}",
      "Mapster.Core, {Mapster.Core, 1.2.1}",
      "Mapster.DependencyInjection, {Mapster.DependencyInjection, 1.0.1}",
      "MediatR, {MediatR, 12.1.1}",
      "MediatR.Contracts, {MediatR.Contracts, 2.0.1}",
      "Microsoft.AspNetCore.Http, {Microsoft.AspNetCore.Http, 2.2.2}",
      "Microsoft.AspNetCore.Http.Abstractions, {Microsoft.AspNetCore.Http.Abstractions, 2.2.0}",
      "Microsoft.AspNetCore.Http.Features, {Microsoft.AspNetCore.Http.Features, 2.2.0}",
      "Microsoft.AspNetCore.WebUtilities, {Microsoft.AspNetCore.WebUtilities, 2.2.0}",
      "Microsoft.Extensions.Configuration.Abstractions, {Microsoft.Extensions.Configuration.Abstractions, 7.0.0}",
      "Microsoft.Extensions.DependencyInjection.Abstractions, {Microsoft.Extensions.DependencyInjection.Abstractions, 7.0.0}",
      "Microsoft.Extensions.Logging.Abstractions, {Microsoft.Extensions.Logging.Abstractions, 6.0.0}",
      "Microsoft.Extensions.ObjectPool, {Microsoft.Extensions.ObjectPool, 6.0.16}",
      "Microsoft.Extensions.Options, {Microsoft.Extensions.Options, 2.2.0}",
      "Microsoft.Extensions.Primitives, {Microsoft.Extensions.Primitives, 7.0.0}",
      "Microsoft.Net.Http.Headers, {Microsoft.Net.Http.Headers, 2.2.0}",
      "System.Formats.Asn1, {System.Formats.Asn1, 6.0.0}",
      "System.Runtime.CompilerServices.Unsafe, {System.Runtime.CompilerServices.Unsafe, 6.0.0}",
      "System.Security.AccessControl, {System.Security.AccessControl, 6.0.0}",
      "System.Security.Cryptography.Pkcs, {System.Security.Cryptography.Pkcs, 6.0.1}",
      "System.Security.Cryptography.Xml, {System.Security.Cryptography.Xml, 6.0.1}",
      "System.ServiceModel.Http, {System.ServiceModel.Http, 6.1.0}",
      "System.ServiceModel.Primitives, {System.ServiceModel.Primitives, 6.1.0}",
      "System.Text.Encodings.Web, {System.Text.Encodings.Web, 4.5.0}"
    ],
    "targetFramework": "net6.0",
    "typeReuseMode": "All"
  }
}